stat	value
pi_popA	7.9764606811711e-05
pi_popB	3.21379553705417e-05
pi_popC	0.000101397297019578
pi_popD	9.13036561092071e-05
