stat	value
d_popA_popB	0.000198463980048306
d_popA_popC	0.00019919689831341
d_popA_popD	0.000199964006021457
d_popB_popC	0.000182585175980369
d_popB_popD	0.000183279827082299
d_popC_popD	0.000175483865319973
