set	diversity
popA	8.07980717854543e-05
popB	3.32497896419612e-05
popC	0.000102450955798642
popD	9.02493713245461e-05
