stat	value
pi_popA	3.96260350475311e-05
pi_popB	9.82782098833393e-05
pi_popC	0.00015012803862254
pi_popD	0.0001286566635968
