set	diversity
popA	8.03051175006703e-05
popB	3.28857630980276e-05
popC	0.000101380435698046
popD	8.91090867140576e-05
