set	diversity
A	8.03051175006703e-05
B	3.28857630980276e-05
C	0.000101380435698046
D	8.91090867140576e-05
