set	diversity
popA	7.98959353913933e-05
popB	3.29209572310798e-05
popC	9.99489541131578e-05
popD	8.80647068012528e-05
