set	diversity
popA	8.03784728007462e-05
popB	3.24246742729809e-05
popC	0.000102112312370274
popD	8.96877672747531e-05
