set	diversity
popA	8.01752623668501e-05
popB	3.29163883051885e-05
popC	0.000101560050770342
popD	8.99562247271612e-05
