set	diversity
popA	8.13816686084104e-05
popB	3.26278117573457e-05
popC	0.000101054075760311
popD	8.96382009688793e-05
